{
  "matrixsize": 3,
  "meteoparams": [ 0.409800614, 0.011336538, 0.162193556, -0.096161606, 0.674606756, 0.830105679, 0.304843606, 0.077548563, 4.926544219 ],
  "nr_repeats": 2,
  "morphparams": [ -1.968502876, -0.663703622, -1.711615426, -0.052620046, 0.551063005, -0.289443887, 3.624477135, -0.002618109 ],
  "repeatsparams": [ 1.341329988, 0.138203627 ],
  "scalingparams": [1.05831854, 0.24452759,0.14830991]
}